gen,evals,avg_upcc,avg_upmr,avg_upcm,avg_cpdh,avg_cpah,avg_cprr,std_upcc,std_upmr,std_upcm,std_cpdh,std_cpah,std_cprr,min_upcc,min_upmr,min_upcm,min_cpdh,min_cpah,min_cprr,max_upcc,max_upmr,max_upcm,max_cpdh,max_cpah,max_cprr
0,1000,0.0,0.0,0.0,1.0,1.0,1.0,0.0,0.0,0.0,0.0,0.0,0.0,0.0,0.0,0.0,1.0,1.0,1.0,0.0,0.0,0.0,1.0,1.0,1.0
1,1000,0.0005483870967741935,0.0,0.001,0.9991555555555556,0.9994285714285714,0.999,0.017332849722434856,0.0,0.03160696125855867,0.026690322840561175,0.018061120719176853,0.03160696125855867,0.0,0.0,0.0,0.15555555555555556,0.42857142857142855,-0.0,0.5483870967741935,0.0,1.0,1.0,1.0,1.0
2,1000,0.0024193548387096775,0.003,0.004,0.9966222222222223,0.9971428571428571,0.996,0.0390492498339084,0.05469003565550059,0.06311893535223813,0.05338375394429534,0.04642307659791792,0.06311893535223813,0.0,0.0,0.0,0.08888888888888889,-0.0,-0.0,0.7419354838709677,1.0,1.0,1.0,1.0,1.0
3,1000,0.003838709677419355,0.005,0.006,0.9949333333333334,0.9955714285714286,0.994,0.05025262921456015,0.07053367989832901,0.07722693830522938,0.06535002054464548,0.058908264899497007,0.07722693830522938,0.0,0.0,0.0,0.08888888888888889,-0.0,-0.0,0.7419354838709677,1.0,1.0,1.0,1.0,1.0
4,1000,0.004548387096774194,0.006,0.007,0.9940888888888889,0.995,0.993,0.05498196658290601,0.07722693830522938,0.0833726573883773,0.07052972055439828,0.061573748713329025,0.0833726573883773,0.0,0.0,0.0,0.08888888888888889,-0.0,-0.0,0.7419354838709677,1.0,1.0,1.0,1.0,1.0
5,1000,0.007838709677419354,0.01,0.011,0.9909777777777777,0.9931428571428571,0.989,0.07551385536255496,0.09949874371066084,0.10430244484191172,0.08571893203162312,0.06906016306416618,0.10430244484191172,0.0,0.0,0.0,0.08888888888888889,-0.0,-0.0,0.9032258064516129,1.0,1.0,1.0,1.0,1.0
6,1000,0.009580645161290324,0.013,0.014,0.9886222222222223,0.9915714285714285,0.986,0.0820192041165539,0.11327400407860422,0.11749042514179929,0.09565332466003548,0.0747129199547388,0.11749042514179929,0.0,0.0,0.0,0.08888888888888889,-0.0,-0.0,0.9032258064516129,1.0,1.0,1.0,1.0,1.0
7,1000,0.013129032258064516,0.018,0.019,0.9846444444444444,0.989,0.981,0.0959282976678164,0.1329511188369587,0.13652472303579882,0.11050393881589489,0.08318543337947246,0.13652472303579882,0.0,0.0,0.0,0.08888888888888889,-0.0,-0.0,0.9032258064516129,1.0,1.0,1.0,1.0,1.0
8,1000,0.01887096774193548,0.026,0.027,0.9783333333333334,0.984,0.973,0.11507033093458496,0.15913516267625644,0.1620833119108805,0.13029193242223852,0.10176563711764118,0.1620833119108805,0.0,0.0,0.0,0.08888888888888889,-0.0,-0.0,0.9032258064516129,1.0,1.0,1.0,1.0,1.0
9,1000,0.02648387096774193,0.036,0.037,0.9703555555555556,0.9772857142857142,0.963,0.1368858301252363,0.18629009635512941,0.18876175460086436,0.15151978072388975,0.12203370227030076,0.18876175460086436,0.0,0.0,0.0,0.08888888888888889,-0.0,-0.0,0.9032258064516129,1.0,1.0,1.0,1.0,1.0
10,1000,0.03593548387096775,0.049,0.05,0.9600222222222222,0.9687142857142857,0.95,0.15839663593900932,0.2158680152315276,0.21794494717702884,0.17455212387884544,0.1437854836418568,0.21794494717702884,0.0,0.0,0.0,0.08888888888888889,-0.0,-0.0,0.9032258064516129,1.0,1.0,1.0,1.0,1.0
11,1000,0.052419354838709686,0.072,0.073,0.9415555555555556,0.9531428571428571,0.927,0.18900135991010647,0.2584879107424561,0.2601365026289142,0.20866548337139867,0.17638177517035272,0.2601365026289142,0.0,0.0,0.0,0.06666666666666667,-0.0,-0.0,0.9032258064516129,1.0,1.0,1.0,1.0,1.0
12,1000,0.07358064516129027,0.101,0.102,0.9182444444444444,0.9352857142857143,0.898,0.22052826322341318,0.30132872415353196,0.30264831075027454,0.24304646611575276,0.2033289784299977,0.30264831075027454,0.0,0.0,0.0,0.06666666666666667,-0.0,-0.0,0.9032258064516129,1.0,1.0,1.0,1.0,1.0
13,1000,0.10196774193548361,0.14,0.142,0.8863999999999999,0.909,0.858,0.2533625663163473,0.3469870314579455,0.34905013966476955,0.27982133276718735,0.23678247142790668,0.34905013966476955,0.0,0.0,0.0,0.06666666666666667,-0.0,-0.0,0.9032258064516129,1.0,1.0,1.0,1.0,1.0
14,1000,0.14145161290322544,0.196,0.198,0.8422222222222222,0.8718571428571429,0.802,0.28797396799623465,0.3969685126052312,0.3984921580156995,0.3181986335143081,0.2730175669013527,0.3984921580156995,0.0,0.0,0.0,0.06666666666666667,-0.0,-0.0,0.9032258064516129,1.0,1.0,1.0,1.0,1.0
15,1000,0.18641935483870997,0.26,0.266,0.7875333333333333,0.8275714285714286,0.734,0.31493877144719673,0.4386342439892253,0.44186423254207013,0.3536911388887187,0.3058661505312731,0.44186423254207013,0.0,0.0,0.0,0.06666666666666667,-0.0,-0.0,0.9032258064516129,1.0,1.0,1.0,1.0,1.0
16,1000,0.2752903225806459,0.382,0.39,0.6888666666666665,0.7502857142857144,0.61,0.3511640283655194,0.48587652752525956,0.48774993593028204,0.3901332466266545,0.3368671996560144,0.48774993593028204,0.0,0.0,0.0,0.06666666666666667,-0.0,-0.0,0.9032258064516129,1.0,1.0,1.0,1.0,1.0
17,1000,0.3879677419354838,0.542,0.554,0.556377777777778,0.6394285714285716,0.446,0.3580242217955382,0.49823287727728843,0.49707544698968925,0.3995278886725668,0.3579255423653825,0.49707544698968925,0.0,0.0,0.0,0.06666666666666667,-0.0,-0.0,0.9032258064516129,1.0,1.0,1.0,1.0,1.0
18,1000,0.5383225806451627,0.755,0.773,0.380622222222223,0.4948571428571402,0.227,0.3091269570036011,0.43008720046055704,0.41889258766418885,0.3381924472220289,0.3271616962760232,0.41889258766418885,0.0,0.0,0.0,0.06666666666666667,-0.0,-0.0,0.9032258064516129,1.0,1.0,1.0,1.0,1.0
19,1000,0.7204516129032308,0.994,1.0,0.19493333333333684,0.3348571428571408,0.0,0.09494203281040896,0.077226938305231,0.0,0.04878785519793604,0.20788851015162224,0.0,0.3548387096774194,0.0,1.0,0.06666666666666667,-0.0,-0.0,0.9032258064516129,1.0,1.0,0.28888888888888886,0.7142857142857143,-0.0
20,1000,0.7467096774193552,0.999,1.0,0.19408888888889142,0.32885714285714374,0.0,0.07098310684110548,0.03160696125855841,0.0,0.05393752215569662,0.21536850242487768,0.0,0.3548387096774194,0.0,1.0,0.06666666666666667,-0.0,-0.0,0.9032258064516129,1.0,1.0,0.28888888888888886,0.7142857142857143,-0.0
21,1000,0.7511612903225813,0.998,1.0,0.18731111111111431,0.291428571428572,0.0,0.07842229396968209,0.044676615807377244,0.0,0.06105637548736712,0.23371009426908634,0.0,0.3548387096774194,0.0,1.0,0.06666666666666667,-0.0,-0.0,0.9032258064516129,1.0,1.0,0.28888888888888886,0.7142857142857143,-0.0
22,1000,0.7569354838709674,0.998,1.0,0.18586666666666993,0.25828571428571323,0.0,0.08381372115780637,0.044676615807377286,0.0,0.0658674463891468,0.23374222676150772,0.0,0.3548387096774194,0.0,1.0,0.022222222222222223,-0.0,-0.0,0.9032258064516129,1.0,1.0,0.28888888888888886,0.7142857142857143,-0.0
23,1000,0.7561290322580617,0.997,1.0,0.17726666666666896,0.22657142857142631,0.0,0.09157200359188061,0.054690035655500624,0.0,0.0673830802662869,0.2335442972446756,0.0,0.3548387096774194,0.0,1.0,0.022222222222222223,-0.0,-0.0,0.9032258064516129,1.0,1.0,0.28888888888888886,0.7142857142857143,-0.0
24,1000,0.756935483870965,0.995,1.0,0.17260000000000195,0.2122857142857121,0.0,0.09779448709695107,0.07053367989832905,0.0,0.06883406779269195,0.24175396499713747,0.0,0.22580645161290322,0.0,1.0,0.022222222222222223,-0.0,-0.0,0.9032258064516129,1.0,1.0,0.28888888888888886,0.7142857142857143,-0.0
25,1000,0.7536774193548323,0.993,1.0,0.16366666666667065,0.18214285714285597,0.0,0.10670304617223758,0.08337265738837824,0.0,0.07003270840766876,0.24749252720114218,0.0,0.22580645161290322,0.0,1.0,0.022222222222222223,-0.0,-0.0,0.9032258064516129,1.0,1.0,0.28888888888888886,0.7142857142857143,-0.0
26,1000,0.7535806451612802,0.987,1.0,0.15995555555555768,0.17271428571428551,0.0,0.11541302115729134,0.11327400407860443,0.0,0.07328886193652213,0.2523084846543403,0.0,0.22580645161290322,0.0,1.0,0.022222222222222223,-0.0,-0.0,0.9032258064516129,1.0,1.0,0.28888888888888886,0.7142857142857143,-0.0
27,1000,0.7562258064516036,0.983,1.0,0.15724444444444702,0.16914285714285612,0.0,0.12299907785412731,0.12927103310486954,0.0,0.07701282240519927,0.2624898054385789,0.0,0.16129032258064516,0.0,1.0,0.022222222222222223,-0.0,-0.0,0.9032258064516129,1.0,1.0,0.28888888888888886,0.7142857142857143,-0.0
28,1000,0.7492258064516139,0.976,1.0,0.15064444444444536,0.1635714285714283,0.0,0.13252892798699462,0.15304901175767271,0.0,0.08100650484473662,0.2711267118480784,0.0,0.3548387096774194,0.0,1.0,0.022222222222222223,-0.0,-0.0,0.9032258064516129,1.0,1.0,0.28888888888888886,0.7142857142857143,-0.0
29,1000,0.739870967741934,0.967,1.0,0.1431555555555565,0.15014285714285713,0.0,0.14057228061393598,0.1786365024288156,0.0,0.0811237006972366,0.26857139057750345,0.0,0.16129032258064516,0.0,1.0,0.0,-0.0,-0.0,0.9032258064516129,1.0,1.0,0.28888888888888886,0.7142857142857143,-0.0
30,1000,0.7337096774193542,0.958,1.0,0.13597777777777825,0.13957142857142835,0.0,0.14410358382777386,0.20058913230781159,0.0,0.07714292971451277,0.2641301086315512,0.0,0.16129032258064516,0.0,1.0,0.0,-0.0,-0.0,0.9032258064516129,1.0,1.0,0.28888888888888886,0.7142857142857143,-0.0
31,1000,0.7321290322580646,0.95,1.0,0.13064444444444448,0.13085714285714253,0.0,0.14543194839134618,0.21794494717703156,0.0,0.07269200713444783,0.25892020676144384,0.0,0.16129032258064516,0.0,1.0,0.0,-0.0,-0.0,0.9032258064516129,1.0,1.0,0.28888888888888886,0.7142857142857143,-0.0
32,1000,0.7245161290322593,0.939,1.0,0.12317777777777748,0.12357142857142832,0.0,0.1500273995093497,0.23933031567271126,0.0,0.06735258617304553,0.25301347064243973,0.0,0.16129032258064516,0.0,1.0,0.0,-0.0,-0.0,0.9032258064516129,1.0,1.0,0.28888888888888886,0.7142857142857143,-0.0
33,1000,0.7202580645161402,0.922,1.0,0.11886666666666644,0.13271428571428562,0.0,0.15657100864853474,0.26817158686184533,0.0,0.06463267147675535,0.2602180796554914,0.0,0.16129032258064516,0.0,1.0,0.0,-0.0,-0.0,0.9032258064516129,1.0,1.0,0.28888888888888886,0.7142857142857143,-0.0
34,1000,0.7162258064516152,0.91,1.0,0.11706666666666703,0.13985714285714265,0.0,0.16324553941666528,0.2861817604250825,0.0,0.06449107891219766,0.2654437562933112,0.0,0.16129032258064516,0.0,1.0,0.0,-0.0,-0.0,0.9032258064516129,1.0,1.0,0.2222222222222222,0.7142857142857143,-0.0
35,1000,0.7125483870967764,0.906,1.0,0.11593333333333374,0.13428571428571395,0.0,0.16575460153262758,0.29182871688715123,0.0,0.064252245961609,0.2609402152186733,0.0,0.16129032258064516,0.0,1.0,0.0,-0.0,-0.0,0.9032258064516129,1.0,1.0,0.2222222222222222,0.7142857142857143,-0.0
36,1000,0.7069677419354866,0.903,1.0,0.11348888888888921,0.12328571428571392,0.0,0.16808570233623232,0.29595776725742656,0.0,0.06296991639164207,0.254840125953347,0.0,0.16129032258064516,0.0,1.0,0.0,-0.0,-0.0,0.9032258064516129,1.0,1.0,0.2222222222222222,0.7142857142857143,-0.0
37,1000,0.7051935483870996,0.904,1.0,0.11246666666666688,0.11542857142857112,0.0,0.1699166686867611,0.29459124223235067,0.0,0.062052462869318224,0.24822373055001015,0.0,0.16129032258064516,0.0,1.0,0.0,-0.0,-0.0,0.9032258064516129,1.0,1.0,0.2222222222222222,0.7142857142857143,-0.0
38,1000,0.7061612903225838,0.907,1.0,0.11193333333333345,0.110285714285714,0.0,0.16873502245938968,0.29043243620504994,0.0,0.06114799291094536,0.24378042981171377,0.0,0.16129032258064516,0.0,1.0,0.0,-0.0,-0.0,0.9032258064516129,1.0,1.0,0.2222222222222222,0.7142857142857143,-0.0
39,1000,0.7037741935483902,0.916,1.0,0.11073333333333348,0.10228571428571405,0.0,0.16728694807688424,0.27738781516137334,0.0,0.0594572613389309,0.23695965384643172,0.0,0.16129032258064516,0.0,1.0,0.0,-0.0,-0.0,0.9032258064516129,1.0,1.0,0.2222222222222222,0.7142857142857143,-0.0
40,1000,0.70035483870968,0.914,1.0,0.10873333333333343,0.09399999999999982,0.0,0.1663824531241089,0.28036404905051593,0.0,0.05822710327292248,0.2289744660927271,0.0,0.16129032258064516,0.0,1.0,0.0,-0.0,-0.0,0.9032258064516129,1.0,1.0,0.2222222222222222,0.7142857142857143,-0.0
41,1000,0.6987741935483904,0.916,1.0,0.10753333333333331,0.086142857142857,0.0,0.16658957773206878,0.2773878151613734,0.0,0.05695603242528058,0.22054621432493654,0.0,0.16129032258064516,0.0,1.0,0.0,-0.0,-0.0,0.9032258064516129,1.0,1.0,0.2222222222222222,0.7142857142857143,-0.0
42,1000,0.6960645161290352,0.914,1.0,0.105577777777778,0.07757142857142849,0.0,0.16685221859836571,0.28036404905051593,0.0,0.05553332444088695,0.21151306226851138,0.0,0.16129032258064516,0.0,1.0,0.0,-0.0,-0.0,0.9032258064516129,1.0,1.0,0.2222222222222222,0.7142857142857143,-0.0
43,1000,0.6949032258064548,0.917,1.0,0.10439999999999997,0.07371428571428564,0.0,0.16527414239257346,0.27588222124667733,0.0,0.05436409490476983,0.20789243686609152,0.0,0.16129032258064516,0.0,1.0,0.0,-0.0,-0.0,0.9032258064516129,1.0,1.0,0.2222222222222222,0.7142857142857143,-0.0
44,1000,0.6933225806451644,0.914,1.0,0.10262222222222227,0.06585714285714285,0.0,0.16372342545165394,0.28036404905051593,0.0,0.05292471242420848,0.1977670759416995,0.0,0.16129032258064516,0.0,1.0,0.0,-0.0,-0.0,0.9032258064516129,1.0,1.0,0.2222222222222222,0.7142857142857143,-0.0
45,1000,0.6931290322580672,0.914,1.0,0.10193333333333335,0.06200000000000001,0.0,0.16070160622562768,0.28036404905051593,0.0,0.052003945719246526,0.1926000402653247,0.0,0.16129032258064516,0.0,1.0,0.0,-0.0,-0.0,0.9032258064516129,1.0,1.0,0.2222222222222222,0.7142857142857143,-0.0
46,1000,0.688096774193552,0.916,1.0,0.09968888888888887,0.05385714285714286,0.0,0.1599344265993243,0.27738781516137356,0.0,0.04993726434608071,0.1813144185313096,0.0,0.16129032258064516,0.0,1.0,0.0,-0.0,-0.0,0.9032258064516129,1.0,1.0,0.2222222222222222,0.7142857142857143,-0.0
47,1000,0.685419354838713,0.908,1.0,0.09820000000000002,0.0475714285714286,0.0,0.16010043673867042,0.2890259503920009,0.0,0.04901720030689127,0.1717919363292574,0.0,0.16129032258064516,0.0,1.0,0.0,-0.0,-0.0,0.9032258064516129,1.0,1.0,0.2222222222222222,0.7142857142857143,-0.0
48,1000,0.678677419354841,0.898,1.0,0.09655555555555567,0.04171428571428573,0.0,0.16422326557871292,0.3026483107502812,0.0,0.04858478652295899,0.16179705100614764,0.0,0.16129032258064516,0.0,1.0,0.0,-0.0,-0.0,0.9032258064516129,1.0,1.0,0.2222222222222222,0.7142857142857143,-0.0
49,1000,0.6784193548387132,0.901,1.0,0.09604444444444446,0.03671428571428574,0.0,0.16354564800149476,0.29866201633284395,0.0,0.047330286808582984,0.15299399748129308,0.0,0.16129032258064516,0.0,1.0,0.0,-0.0,-0.0,0.9032258064516129,1.0,1.0,0.2222222222222222,0.7142857142857143,-0.0
50,1000,0.6746129032258094,0.904,1.0,0.0947333333333334,0.03314285714285716,0.0,0.16199661807083893,0.2945912422323501,0.0,0.045854471893072846,0.14667581913310437,0.0,0.16129032258064516,0.0,1.0,0.0,-0.0,-0.0,0.9032258064516129,1.0,1.0,0.2222222222222222,0.7142857142857143,-0.0
51,1000,0.6770000000000037,0.91,1.0,0.0952888888888889,0.031285714285714306,0.0,0.1606724649682057,0.28618176042508253,0.0,0.04525404831491738,0.14307404961581804,0.0,0.16129032258064516,0.0,1.0,0.0,-0.0,-0.0,0.9032258064516129,1.0,1.0,0.2222222222222222,0.7142857142857143,-0.0
52,1000,0.6750645161290357,0.904,1.0,0.09402222222222228,0.026571428571428583,0.0,0.16224771018075082,0.29459124223235045,0.0,0.044442438843636946,0.13243435031311732,0.0,0.16129032258064516,0.0,1.0,0.0,-0.0,-0.0,0.9032258064516129,1.0,1.0,0.2222222222222222,0.7142857142857143,-0.0
53,1000,0.6712258064516154,0.895,1.0,0.09248888888888893,0.02457142857142858,0.0,0.1630329601577989,0.30655342111938655,0.0,0.044074885769058526,0.12764875276176027,0.0,0.16129032258064516,0.0,1.0,0.0,-0.0,-0.0,0.9032258064516129,1.0,1.0,0.2222222222222222,0.7142857142857143,-0.0
54,1000,0.6689354838709708,0.896,1.0,0.09146666666666671,0.02385714285714286,0.0,0.1613026801717609,0.305260544453424,0.0,0.043185182644050704,0.1257719835127617,0.0,0.16129032258064516,0.0,1.0,0.0,-0.0,-0.0,0.9032258064516129,1.0,1.0,0.2222222222222222,0.7142857142857143,-0.0
55,1000,0.6650000000000028,0.885,1.0,0.08964444444444454,0.018428571428571423,0.0,0.16431605481171443,0.3190219428189878,0.0,0.042308940187070126,0.1110578999569919,0.0,0.16129032258064516,0.0,1.0,0.0,-0.0,-0.0,0.9032258064516129,1.0,1.0,0.2222222222222222,0.7142857142857143,-0.0
56,1000,0.6617096774193574,0.879,1.0,0.0884000000000001,0.01671428571428571,0.0,0.16447131268129767,0.3261272757682164,0.0,0.04168971806803928,0.10683871116819856,0.0,0.16129032258064516,0.0,1.0,0.0,-0.0,-0.0,0.9032258064516129,1.0,1.0,0.2222222222222222,0.7142857142857143,-0.0
57,1000,0.654838709677422,0.873,1.0,0.08671111111111125,0.013714285714285708,0.0,0.16732578652003105,0.33297297187609975,0.0,0.04094197037602865,0.09633953561466246,0.0,0.16129032258064516,0.0,1.0,0.0,-0.0,-0.0,0.9032258064516129,1.0,1.0,0.2222222222222222,0.7142857142857143,-0.0
58,1000,0.6544516129032281,0.877,1.0,0.08662222222222242,0.01371428571428571,0.0,0.16751552958900814,0.32843720861071984,0.0,0.04056146684468664,0.09633953561466306,0.0,0.16129032258064516,0.0,1.0,0.0,-0.0,-0.0,0.9032258064516129,1.0,1.0,0.2222222222222222,0.7142857142857143,-0.0
59,1000,0.6460322580645189,0.872,1.0,0.08486666666666683,0.012857142857142853,0.0,0.17046264707514866,0.33408980828513984,0.0,0.040026158113579936,0.09279118536602904,0.0,0.16129032258064516,0.0,1.0,0.0,-0.0,-0.0,0.9032258064516129,1.0,1.0,0.2222222222222222,0.7142857142857143,-0.0
60,1000,0.6390967741935508,0.855,1.0,0.08311111111111134,0.013428571428571423,0.0,0.17138311076523052,0.3521008378291627,0.0,0.04044444444444468,0.09445482669358132,0.0,0.16129032258064516,0.0,1.0,0.0,-0.0,-0.0,0.9032258064516129,1.0,1.0,0.2222222222222222,0.7142857142857143,-0.0
61,1000,0.6369677419354867,0.863,1.0,0.08271111111111129,0.012571428571428568,0.0,0.16876697972153534,0.3438473498516493,0.0,0.03919382667439759,0.09083018467987125,0.0,0.16129032258064516,0.0,1.0,0.0,-0.0,-0.0,0.9032258064516129,1.0,1.0,0.2222222222222222,0.7142857142857143,-0.0
62,1000,0.635161290322584,0.861,1.0,0.08260000000000017,0.01271428571428571,0.0,0.17094917732439463,0.3459465276599854,0.0,0.0395462598315775,0.09181603168003535,0.0,0.16129032258064516,0.0,1.0,0.0,-0.0,-0.0,0.9032258064516129,1.0,1.0,0.2222222222222222,0.7142857142857143,-0.0
63,1000,0.63293548387097,0.859,1.0,0.08155555555555573,0.010142857142857141,0.0,0.17113004773040855,0.34802155105682625,0.0,0.038368582826945365,0.08255597977080957,0.0,0.16129032258064516,0.0,1.0,0.0,-0.0,-0.0,0.9032258064516129,1.0,1.0,0.2222222222222222,0.7142857142857143,-0.0
64,1000,0.632032258064519,0.856,1.0,0.08093333333333354,0.008714285714285714,0.0,0.17203970393327367,0.35108973211986677,0.0,0.03788113964416523,0.07630216516038875,0.0,0.16129032258064516,0.0,1.0,0.0,-0.0,-0.0,0.9032258064516129,1.0,1.0,0.2222222222222222,0.7142857142857143,-0.0
65,1000,0.6285483870967761,0.854,1.0,0.08022222222222251,0.00957142857142857,0.0,0.17406140447731688,0.3531062163145798,0.0,0.037816320208000895,0.08062396969757794,0.0,0.16129032258064516,0.0,1.0,0.0,-0.0,-0.0,0.9032258064516129,1.0,1.0,0.2222222222222222,0.7142857142857143,-0.0
66,1000,0.625580645161293,0.856,1.0,0.07953333333333355,0.006285714285714287,0.0,0.1747141295234906,0.3510897321198668,0.0,0.03654024671002691,0.06609578701569815,0.0,0.16129032258064516,0.0,1.0,0.0,-0.0,-0.0,0.9032258064516129,1.0,1.0,0.2222222222222222,0.7142857142857143,-0.0
67,1000,0.6219032258064543,0.852,1.0,0.07895555555555575,0.006285714285714286,0.0,0.17745794008575572,0.35509998591946246,0.0,0.03676546285930922,0.06609578701569849,0.0,0.16129032258064516,0.0,1.0,0.0,-0.0,-0.0,0.9032258064516129,1.0,1.0,0.2222222222222222,0.7142857142857143,-0.0
68,1000,0.6166129032258086,0.843,1.0,0.07773333333333358,0.005571428571428571,0.0,0.17644239817892518,0.36380076965284003,0.0,0.03637931850399103,0.06218455087356503,0.0,0.16129032258064516,0.0,1.0,0.0,-0.0,-0.0,0.9032258064516129,1.0,1.0,0.2222222222222222,0.7142857142857143,-0.0
69,1000,0.6175483870967754,0.837,1.0,0.07700000000000043,0.0041428571428571434,0.0,0.1744241723026226,0.3693656724710602,0.0,0.03554704759319103,0.05348259301026876,0.0,0.16129032258064516,0.0,1.0,0.0,-0.0,-0.0,0.9032258064516129,1.0,1.0,0.2222222222222222,0.7142857142857143,-0.0
70,1000,0.6160967741935509,0.832,1.0,0.07642222222222257,0.002,0.0,0.17562494033312506,0.3738662862575309,0.0,0.03515242997764642,0.03664612906583983,0.0,0.16129032258064516,0.0,1.0,0.0,-0.0,-0.0,0.9032258064516129,1.0,1.0,0.2222222222222222,0.7142857142857143,-0.0
71,1000,0.6160000000000025,0.828,1.0,0.0761777777777781,0.002,0.0,0.17456586256943113,0.37738044464439374,0.0,0.03514215224196624,0.03664612906583976,0.0,0.16129032258064516,0.0,1.0,0.0,-0.0,-0.0,0.9032258064516129,1.0,1.0,0.2222222222222222,0.7142857142857143,-0.0
72,1000,0.6108064516129058,0.811,1.0,0.07431111111111152,0.0012857142857142856,0.0,0.17329149652522027,0.3915086205947425,0.0,0.03453868112460525,0.028897779026303007,0.0,0.16129032258064516,0.0,1.0,0.0,-0.0,-0.0,0.9032258064516129,1.0,1.0,0.2222222222222222,0.7142857142857143,-0.0
73,1000,0.6089677419354858,0.801,1.0,0.0736666666666671,0.0012857142857142856,0.0,0.17429243310382944,0.39924804320121854,0.0,0.03489508083765762,0.02889777902630307,0.0,0.16129032258064516,0.0,1.0,0.0,-0.0,-0.0,0.9032258064516129,1.0,1.0,0.2222222222222222,0.7142857142857143,-0.0
74,1000,0.6050967741935502,0.802,1.0,0.0730000000000004,0.0012857142857142856,0.0,0.17521634018802748,0.39849215801568866,0.0,0.034295556347509144,0.02889777902630291,0.0,0.16129032258064516,0.0,1.0,0.0,-0.0,-0.0,0.9032258064516129,1.0,1.0,0.2222222222222222,0.7142857142857143,-0.0
75,1000,0.6010967741935499,0.794,1.0,0.07215555555555601,0.0007142857142857143,0.0,0.175099329622163,0.4044304637388246,0.0,0.03412389192340166,0.022576400898970492,0.0,0.16129032258064516,0.0,1.0,0.0,-0.0,-0.0,0.9032258064516129,1.0,1.0,0.2222222222222222,0.7142857142857143,-0.0
76,1000,0.5969354838709696,0.798,1.0,0.07248888888888934,0.0007142857142857143,0.0,0.1779112682064812,0.4014922166119787,0.0,0.03486379847986239,0.022576400898970495,0.0,0.16129032258064516,0.0,1.0,0.0,-0.0,-0.0,0.9032258064516129,1.0,1.0,0.2222222222222222,0.7142857142857143,-0.0
77,1000,0.5892903225806462,0.794,1.0,0.07131111111111157,0.0007142857142857143,0.0,0.17937971514648662,0.4044304637388249,0.0,0.03445031491192602,0.0225764008989703,0.0,0.16129032258064516,0.0,1.0,0.0,-0.0,-0.0,0.9032258064516129,1.0,1.0,0.2222222222222222,0.7142857142857143,-0.0
78,1000,0.5853548387096781,0.796,1.0,0.07097777777777824,0.0,0.0,0.18130835635250395,0.4029689814365394,0.0,0.03421330331109208,0.0,0.0,0.16129032258064516,0.0,1.0,0.0,-0.0,-0.0,0.8387096774193549,1.0,1.0,0.15555555555555556,-0.0,-0.0
79,1000,0.58283870967742,0.787,1.0,0.0708000000000005,0.0,0.0,0.18369934265302873,0.40942764928616854,0.0,0.03532846926687812,0.0,0.0,0.16129032258064516,0.0,1.0,0.0,-0.0,-0.0,0.8387096774193549,1.0,1.0,0.15555555555555556,-0.0,-0.0
80,1000,0.582741935483872,0.786,1.0,0.07086666666666717,0.0,0.0,0.18297681571294672,0.4101268096576936,0.0,0.035467105260446045,0.0,0.0,0.16129032258064516,0.0,1.0,0.0,-0.0,-0.0,0.8387096774193549,1.0,1.0,0.15555555555555556,-0.0,-0.0
81,1000,0.5835161290322591,0.798,1.0,0.07140000000000046,0.0,0.0,0.1815446471174027,0.40149221661197876,0.0,0.03485157948490413,0.0,0.0,0.16129032258064516,0.0,1.0,0.0,-0.0,-0.0,0.8387096774193549,1.0,1.0,0.15555555555555556,-0.0,-0.0
82,1000,0.5825161290322591,0.791,1.0,0.07113333333333381,0.0007142857142857143,0.0,0.18259499544654217,0.4065943924846967,0.0,0.03547629359737882,0.02257640089897041,0.0,0.16129032258064516,0.0,1.0,0.0,-0.0,-0.0,0.9032258064516129,1.0,1.0,0.2222222222222222,0.7142857142857143,-0.0
83,1000,0.5740967741935488,0.781,1.0,0.0701777777777784,0.002,0.0,0.18454260750686194,0.41356861583055016,0.0,0.036602880545081665,0.03664612906584,0.0,0.16129032258064516,0.0,1.0,0.0,-0.0,-0.0,0.9032258064516129,1.0,1.0,0.28888888888888886,0.7142857142857143,-0.0
84,1000,0.5707419354838712,0.763,1.0,0.06875555555555615,0.002142857142857143,0.0,0.1859216460790653,0.4252422838806132,0.0,0.03648212144578734,0.039064311182500575,0.0,0.16129032258064516,0.0,1.0,0.0,-0.0,-0.0,0.9032258064516129,1.0,1.0,0.2222222222222222,0.7142857142857143,-0.0
85,1000,0.5736129032258072,0.763,1.0,0.06880000000000058,0.002857142857142857,0.0,0.18734820702739285,0.42524228388061297,0.0,0.03649308407335783,0.04508495382302747,0.0,0.16129032258064516,0.0,1.0,0.0,-0.0,-0.0,0.9032258064516129,1.0,1.0,0.2222222222222222,0.7142857142857143,-0.0
86,1000,0.575677419354839,0.765,1.0,0.06922222222222278,0.002142857142857143,0.0,0.18699742634853989,0.4239988207530769,0.0,0.03655386689784238,0.039064311182500956,0.0,0.16129032258064516,0.0,1.0,0.0,-0.0,-0.0,0.9032258064516129,1.0,1.0,0.2222222222222222,0.7142857142857143,-0.0
87,1000,0.577806451612904,0.77,1.0,0.06984444444444492,0.002142857142857143,0.0,0.18581948878993187,0.42083250825001184,0.0,0.036653539737774944,0.03906431118250051,0.0,0.16129032258064516,0.0,1.0,0.0,-0.0,-0.0,0.9032258064516129,1.0,1.0,0.2222222222222222,0.7142857142857143,-0.0
88,1000,0.5811290322580653,0.777,1.0,0.07011111111111162,0.0014285714285714286,0.0,0.18426323465684016,0.41625833324992023,0.0,0.035770012960027006,0.031911868433841716,0.0,0.16129032258064516,0.0,1.0,0.0,-0.0,-0.0,0.9032258064516129,1.0,1.0,0.2222222222222222,0.7142857142857143,-0.0
89,1000,0.5768709677419362,0.774,1.0,0.06971111111111163,0.0014285714285714286,0.0,0.18303520015373387,0.41823916602823924,0.0,0.035806275744847293,0.03191186843384082,0.0,0.16129032258064516,0.0,1.0,0.0,-0.0,-0.0,0.9032258064516129,1.0,1.0,0.2222222222222222,0.7142857142857143,-0.0
90,1000,0.5684516129032257,0.758,1.0,0.06835555555555614,0.0014285714285714286,0.0,0.18874445778192392,0.4282942913464977,0.0,0.03674553134837044,0.03191186843384121,0.0,0.16129032258064516,0.0,1.0,0.0,-0.0,-0.0,0.9032258064516129,1.0,1.0,0.2222222222222222,0.7142857142857143,-0.0
91,1000,0.5662258064516134,0.757,1.0,0.06784444444444503,0.0014285714285714286,0.0,0.1914542380992396,0.42889509206797577,0.0,0.03657018282159574,0.03191186843384083,0.0,0.16129032258064516,0.0,1.0,0.0,-0.0,-0.0,0.9032258064516129,1.0,1.0,0.2222222222222222,0.7142857142857143,-0.0
92,1000,0.5627741935483871,0.762,1.0,0.06780000000000062,0.0007142857142857143,0.0,0.18865613797993205,0.4258591316386246,0.0,0.0360274175429603,0.022576400898970533,0.0,0.16129032258064516,0.0,1.0,0.0,-0.0,-0.0,0.9032258064516129,1.0,1.0,0.2222222222222222,0.7142857142857143,-0.0
93,1000,0.5587096774193551,0.753,1.0,0.06708888888888952,0.0007142857142857143,0.0,0.1918733973857504,0.43126673880558314,0.0,0.03655970256787991,0.022576400898970516,0.0,0.16129032258064516,0.0,1.0,0.0,-0.0,-0.0,0.9032258064516129,1.0,1.0,0.2222222222222222,0.7142857142857143,-0.0
94,1000,0.5522258064516132,0.736,1.0,0.06560000000000064,0.0007142857142857143,0.0,0.19789958195241492,0.44079927404658614,0.0,0.03718287140506944,0.022576400898970214,0.0,0.16129032258064516,0.0,1.0,0.0,-0.0,-0.0,0.9032258064516129,1.0,1.0,0.2222222222222222,0.7142857142857143,-0.0
95,1000,0.5465161290322582,0.737,1.0,0.06491111111111178,0.0007142857142857143,0.0,0.19475600680139243,0.4402624217441214,0.0,0.036384496766319024,0.02257640089897045,0.0,0.16129032258064516,0.0,1.0,0.0,-0.0,-0.0,0.9032258064516129,1.0,1.0,0.2222222222222222,0.7142857142857143,-0.0
96,1000,0.5435161290322569,0.719,1.0,0.06382222222222302,0.0007142857142857143,0.0,0.19342522694393902,0.44948748592146587,0.0,0.036593300338035005,0.02257640089897051,0.0,0.16129032258064516,0.0,1.0,0.0,-0.0,-0.0,0.9032258064516129,1.0,1.0,0.2222222222222222,0.7142857142857143,-0.0
97,1000,0.5378387096774181,0.7,1.0,0.06206666666666734,0.0,0.0,0.19318802743391958,0.45825756949558694,0.0,0.036080506689387754,0.0,0.0,0.16129032258064516,0.0,1.0,0.0,-0.0,-0.0,0.8387096774193549,1.0,1.0,0.15555555555555556,-0.0,-0.0
98,1000,0.5342258064516116,0.694,1.0,0.061711111111111876,0.0007142857142857143,0.0,0.19267620420543252,0.46082968654374035,0.0,0.03681968743370927,0.022576400898970464,0.0,0.16129032258064516,0.0,1.0,0.0,-0.0,-0.0,0.9032258064516129,1.0,1.0,0.28888888888888886,0.7142857142857143,-0.0
99,1000,0.5323225806451596,0.686,1.0,0.061022222222222935,0.0,0.0,0.1927348385790217,0.46411636471901774,0.0,0.03630790139492653,0.0,0.0,0.16129032258064516,0.0,1.0,0.0,-0.0,-0.0,0.8387096774193549,1.0,1.0,0.15555555555555556,-0.0,-0.0
